image,width,height,class,ymin,xmin,ymax,xmax
image_2017_09_24_11_30_50_805177.png,800,600,G,368.088,92.5422,472.67,136.878
image_2017_09_24_11_30_50_805177.png,800,600,G,385.542,458.895,473.924,497.742
image_2017_09_24_11_30_50_805177.png,800,600,G,383.99,278.071,476.044,320.297
image_2017_09_24_11_30_50_807843.png,800,600,G,399.061,122.708,492.801,161.282
image_2017_09_24_11_30_50_807843.png,800,600,G,404.842,285.508,492.97,322.008
image_2017_09_24_11_30_50_808945.png,800,600,G,162.879,311.886,333.8,383.994
image_2017_09_24_11_30_50_808945.png,800,600,G,136.004,3.70946,316.212,60.7507
image_2017_09_24_11_30_50_809998.png,800,600,G,389.73,154.055,482.217,194.464
image_2017_09_24_11_30_50_809998.png,800,600,G,382.32,0.498611,473.973,21.3677
image_2017_09_24_11_30_50_809998.png,800,600,G,408.706,325.167,485.399,363.203
image_2017_09_24_11_30_50_835783.png,800,600,G,184.742,349.945,343.271,423.597
image_2017_09_24_11_30_50_835783.png,800,600,G,200.524,653.089,357.806,725.947
image_2017_09_24_11_30_50_835783.png,800,600,G,162.422,21.7134,332.861,102.84
image_2017_09_24_11_30_50_837433.png,800,600,G,436.677,397.193,506.433,432.779
image_2017_09_24_11_30_50_837433.png,800,600,G,433.848,262.359,506.259,299.424
image_2017_09_24_11_30_50_837433.png,800,600,G,427.234,113.944,498.217,149.763
image_2017_09_24_11_30_50_838747.png,800,600,G,375.614,341.894,477.547,385.254
image_2017_09_24_11_30_50_838747.png,800,600,G,380.641,532.054,479.126,574.553
image_2017_09_24_11_30_50_838747.png,800,600,G,387.688,726.501,474.489,768.901
image_2017_09_24_11_30_50_839988.png,800,600,G,427.417,202.736,500.755,241.034
image_2017_09_24_11_30_50_839988.png,800,600,G,419.601,60.4939,492.224,99.5908
image_2017_09_24_11_30_50_841108.png,800,600,G,199.041,408.891,354.465,478.893
image_2017_09_24_11_30_50_841108.png,800,600,G,213.104,699.17,374.968,772.102
image_2017_09_24_11_30_50_841108.png,800,600,G,182.317,93.647,341.94,167.345
image_2017_09_24_11_30_50_842444.png,800,600,G,376.08,58.9136,473.541,101.433
image_2017_09_24_11_30_50_842444.png,800,600,G,386.821,238.142,477.565,277.692
image_2017_09_24_11_30_50_842444.png,800,600,G,391.987,410.027,474.955,450.684
image_2017_09_24_11_30_50_843617.png,800,600,G,418.518,217.759,498.319,256.909
image_2017_09_24_11_30_50_843617.png,800,600,G,422.042,370.676,501.224,407.04
image_2017_09_24_11_30_50_843617.png,800,600,G,426.58,525.982,501.567,561.257
image_2017_09_24_11_30_50_844724.png,800,600,G,422.06,370.677,501.22,407.058
image_2017_09_24_11_30_50_844724.png,800,600,G,418.52,217.763,498.308,256.91
image_2017_09_24_11_30_50_844724.png,800,600,G,426.611,525.986,501.597,561.249
image_2017_09_24_11_30_50_846025.png,800,600,G,401.549,-1.54089,494.032,33.7437
image_2017_09_24_11_30_50_846025.png,800,600,G,405.463,154.285,495.708,192.55
image_2017_09_24_11_30_50_846025.png,800,600,G,423.525,310.954,494.967,348.273
image_2017_09_24_11_30_50_847214.png,800,600,G,140.536,4.00194,320.197,66.0741
image_2017_09_24_11_30_50_847214.png,800,600,G,169.942,313.923,347.144,384.509
image_2017_09_24_11_30_50_848295.png,800,600,G,347.904,301.799,463.08,348.733
image_2017_09_24_11_30_50_848295.png,800,600,G,353.169,509.341,463.497,560.955
image_2017_09_24_11_30_50_848295.png,800,600,G,357.479,718.291,471.558,760.695
image_2017_09_24_11_30_50_849362.png,800,600,G,108.51,277.778,297.589,355.404
image_2017_09_24_11_30_50_849362.png,800,600,G,131.422,629.019,318.548,700.964
image_2017_09_24_11_30_50_850464.png,800,600,G,369.526,769.402,473.616,804.554
image_2017_09_24_11_30_50_850464.png,800,600,G,366.182,570.957,468.58,615.048
image_2017_09_24_11_30_50_851741.png,800,600,G,399.383,122.846,492.684,161.133
image_2017_09_24_11_30_50_851741.png,800,600,G,405.4,285.503,492.092,321.917
image_2017_09_24_11_30_50_852906.png,800,600,G,377.964,326.35,479.685,370.642
image_2017_09_24_11_30_50_852906.png,800,600,G,387.866,516.843,474.598,560.185
image_2017_09_24_11_30_50_852906.png,800,600,G,372.611,139.878,468.333,184.656
image_2017_09_24_11_30_50_854044.png,800,600,G,179.677,247.726,338.51,327.761
image_2017_09_24_11_30_50_854044.png,800,600,G,193.12,565.655,355.492,634.442
image_2017_09_24_11_30_50_855144.png,800,600,G,472.824,547.973,532.167,580.299
image_2017_09_24_11_30_50_855144.png,800,600,G,471.217,438.751,531.592,471.125
image_2017_09_24_11_30_50_855144.png,800,600,G,471.077,310.784,524.29,354.006
image_2017_09_24_11_30_50_856403.png,800,600,G,347.905,301.799,463.079,348.733
image_2017_09_24_11_30_50_856403.png,800,600,G,353.171,509.345,463.496,560.943
image_2017_09_24_11_30_50_856403.png,800,600,G,357.473,718.281,471.569,760.691
image_2017_09_24_11_30_50_857500.png,800,600,G,169.131,107.808,329.867,179.183
image_2017_09_24_11_30_50_857500.png,800,600,G,181.706,416.538,351.606,492.843
image_2017_09_24_11_30_50_858659.png,800,600,G,375.686,341.831,477.522,385.274
image_2017_09_24_11_30_50_858659.png,800,600,G,380.854,532.404,478.737,574.57
image_2017_09_24_11_30_50_858659.png,800,600,G,387.371,725.998,473.68,768.961
image_2017_09_24_11_30_50_859793.png,800,600,G,522.07,169.865,561.241,191.074
image_2017_09_24_11_30_50_859793.png,800,600,G,524.636,103.296,558.777,124.163
image_2017_09_24_11_30_50_859793.png,800,600,G,532.097,248.976,565.819,270.088
image_2017_09_24_11_30_50_860896.png,800,600,G,72.6032,494.038,273.056,590.855
image_2017_09_24_11_30_50_862205.png,800,600,G,361.811,536.549,472.924,578.068
image_2017_09_24_11_30_50_862205.png,800,600,G,374.572,741.211,476.893,788.121
image_2017_09_24_11_30_50_863360.png,800,600,G,428.257,560.46,502.981,600.914
image_2017_09_24_11_30_50_863360.png,800,600,G,429.46,713.863,506.828,756.254
image_2017_09_24_11_30_50_864479.png,800,600,G,457.985,627.592,526.3,666.746
image_2017_09_24_11_30_50_864479.png,800,600,G,455.932,503.779,521.921,538.022
image_2017_09_24_11_30_50_864479.png,800,600,G,453.405,370.132,517.729,408.981
image_2017_09_24_11_30_50_865571.png,800,600,G,478.0,157.0,534.0,186.0
image_2017_09_24_11_30_50_865571.png,800,600,G,489.367,269.563,539.821,294.068
image_2017_09_24_11_30_50_865571.png,800,600,G,490.679,369.939,543.51,395.303
image_2017_09_24_11_30_50_866683.png,800,600,G,210.586,703.341,376.471,776.394
image_2017_09_24_11_30_50_866683.png,800,600,G,197.17,407.332,356.408,482.63
image_2017_09_24_11_30_50_866683.png,800,600,G,181.827,93.6838,341.656,167.411
image_2017_09_24_11_30_50_867932.png,800,600,G,371.886,91.9814,471.59,135.813
image_2017_09_24_11_30_50_867932.png,800,600,G,383.772,278.52,476.693,317.119
image_2017_09_24_11_30_50_867932.png,800,600,G,388.57,452.957,475.176,492.463
image_2017_09_24_11_30_50_869112.png,800,600,G,83.1762,202.341,277.477,289.235
image_2017_09_24_11_30_50_869112.png,800,600,G,98.0007,579.938,294.521,670.19
image_2017_09_24_11_30_50_870206.png,800,600,G,389.963,113.395,482.211,155.966
image_2017_09_24_11_30_50_870206.png,800,600,G,404.072,284.352,492.075,319.756
image_2017_09_24_11_30_50_871288.png,800,600,G,536.47,372.41,570.823,389.765
image_2017_09_24_11_30_50_871288.png,800,600,G,539.0,514.0,574.0,531.0
image_2017_09_24_11_30_50_871288.png,800,600,G,540.73,445.474,569.91,463.065
image_2017_09_24_11_30_50_872381.png,800,600,G,360.229,536.155,473.449,578.19
image_2017_09_24_11_30_50_872381.png,800,600,G,375.315,740.888,476.572,788.198
image_2017_09_24_11_30_50_873658.png,800,600,G,119.146,1.69732,303.567,70.015
image_2017_09_24_11_30_50_873658.png,800,600,G,153.469,331.974,333.712,406.16
image_2017_09_24_11_30_50_874819.png,800,600,G,401.571,-1.53768,494.063,33.756
image_2017_09_24_11_30_50_874819.png,800,600,G,405.44,154.255,495.827,192.604
image_2017_09_24_11_30_50_874819.png,800,600,G,423.435,311.108,494.814,348.333
image_2017_09_24_11_30_50_875926.png,800,600,G,201.494,408.593,356.119,477.786
image_2017_09_24_11_30_50_875926.png,800,600,G,213.367,699.097,374.917,772.65
image_2017_09_24_11_30_50_875926.png,800,600,G,182.492,94.3869,341.718,167.325
image_2017_09_24_11_30_50_877059.png,800,600,G,429.575,713.72,506.884,756.305
image_2017_09_24_11_30_50_877059.png,800,600,G,428.209,561.065,502.587,600.851
image_2017_09_24_11_30_50_878207.png,800,600,G,428.596,173.498,510.457,210.277
image_2017_09_24_11_30_50_878207.png,800,600,G,426.527,29.1191,504.394,64.1322
image_2017_09_24_11_30_50_878207.png,800,600,G,443.372,313.163,514.006,348.976
image_2017_09_24_11_30_50_882658.png,800,600,G,427.719,353.144,503.494,390.827
image_2017_09_24_11_30_50_882658.png,800,600,G,430.642,498.997,506.555,533.149
image_2017_09_24_11_30_50_882658.png,800,600,G,433.346,647.384,504.804,688.084
image_2017_09_24_11_30_50_883922.png,800,600,G,143.16,442.513,323.16,519.646
image_2017_09_24_11_30_50_883922.png,800,600,G,123.367,96.4826,300.885,177.626
image_2017_09_24_11_30_50_885026.png,800,600,G,389.644,113.321,482.106,156.625
image_2017_09_24_11_30_50_885026.png,800,600,G,403.521,284.254,492.819,319.992
image_2017_09_24_11_30_50_886114.png,800,600,G,210.075,702.761,374.044,774.715
image_2017_09_24_11_30_50_886114.png,800,600,G,198.993,409.208,355.401,480.617
image_2017_09_24_11_30_50_886114.png,800,600,G,181.016,75.9857,341.906,171.781
image_2017_09_24_11_30_50_887245.png,800,600,G,467.117,639.62,527.47,677.548
image_2017_09_24_11_30_50_887245.png,800,600,G,459.185,388.519,518.349,431.587
image_2017_09_24_11_30_50_887245.png,800,600,G,461.685,520.537,528.227,554.205
image_2017_09_24_11_30_50_888525.png,800,600,G,428.067,352.683,504.393,390.898
image_2017_09_24_11_30_50_888525.png,800,600,G,430.856,498.794,506.767,533.094
image_2017_09_24_11_30_50_888525.png,800,600,G,434.996,647.782,503.134,688.077
image_2017_09_24_11_30_50_889769.png,800,600,G,200.121,409.142,355.04,479.886
image_2017_09_24_11_30_50_889769.png,800,600,G,212.637,696.422,374.293,771.154
image_2017_09_24_11_30_50_889769.png,800,600,G,181.586,93.6366,343.588,168.755
image_2017_09_24_11_30_50_891270.png,800,600,G,430.047,182.748,501.973,221.641
image_2017_09_24_11_30_50_891270.png,800,600,G,431.658,326.898,507.831,362.585
image_2017_09_24_11_30_50_891270.png,800,600,G,436.517,475.202,506.213,508.417
image_2017_09_24_11_30_50_892411.png,800,600,G,369.526,769.402,473.616,804.554
image_2017_09_24_11_30_50_892411.png,800,600,G,366.182,570.957,468.58,615.047
image_2017_09_24_11_30_50_893506.png,800,600,G,386.361,12.014,475.557,58.1157
image_2017_09_24_11_30_50_893506.png,800,600,G,388.448,192.82,480.17,235.251
image_2017_09_24_11_30_50_893506.png,800,600,G,392.344,364.432,480.159,404.661
image_2017_09_24_11_30_50_894600.png,800,600,G,412.54,292.033,497.33,328.595
image_2017_09_24_11_30_50_894600.png,800,600,G,407.709,135.225,493.585,173.423
image_2017_09_24_11_30_50_895748.png,800,600,G,432.884,634.291,508.06,674.776
image_2017_09_24_11_30_50_895748.png,800,600,G,429.55,478.385,499.978,520.729
image_2017_09_24_11_30_50_897064.png,800,600,G,509.379,42.3705,559.145,64.0834
image_2017_09_24_11_30_50_898236.png,800,600,G,198.355,409.962,353.723,480.391
image_2017_09_24_11_30_50_898236.png,800,600,G,212.146,697.488,374.197,772.033
image_2017_09_24_11_30_50_898236.png,800,600,G,181.432,92.2962,342.713,169.162
image_2017_09_24_11_30_50_899356.png,800,600,G,369.526,769.402,473.616,804.554
image_2017_09_24_11_30_50_899356.png,800,600,G,366.182,570.957,468.58,615.048
image_2017_09_24_11_30_50_900626.png,800,600,G,431.537,435.925,507.338,470.087
image_2017_09_24_11_30_50_900626.png,800,600,G,428.682,286.28,505.429,319.212
image_2017_09_24_11_30_50_900626.png,800,600,G,438.436,579.656,523.296,614.817
image_2017_09_24_11_30_50_901763.png,800,600,G,295.538,368.943,418.855,431.546
image_2017_09_24_11_30_50_901763.png,800,600,G,295.149,617.581,422.326,676.558
image_2017_09_24_11_30_50_901763.png,800,600,G,286.337,127.689,413.982,180.189
image_2017_09_24_11_30_50_902899.png,800,600,G,175.511,329.347,347.256,403.701
image_2017_09_24_11_30_50_902899.png,800,600,G,157.43,12.2527,327.186,91.4322
image_2017_09_24_11_30_50_904003.png,800,600,G,527.964,176.511,562.28,199.336
image_2017_09_24_11_30_50_904003.png,800,600,G,533.574,251.268,564.239,270.092
image_2017_09_24_11_30_50_904003.png,800,600,G,535.844,330.118,568.344,348.518
image_2017_09_24_11_30_50_905109.png,800,600,G,194.264,409.662,353.907,481.359
image_2017_09_24_11_30_50_905109.png,800,600,G,179.57,80.8388,337.505,164.142
image_2017_09_24_11_30_50_905109.png,800,600,G,207.406,701.532,375.826,774.974
image_2017_09_24_11_30_50_906528.png,800,600,G,515.962,19.3677,551.601,40.7459
image_2017_09_24_11_30_50_906528.png,800,600,G,516.735,106.759,553.035,126.139
image_2017_09_24_11_30_50_907774.png,800,600,G,428.257,560.469,503.023,600.911
image_2017_09_24_11_30_50_907774.png,800,600,G,429.506,713.967,506.842,756.263
image_2017_09_24_11_30_50_908951.png,800,600,G,469.308,409.7,535.181,436.092
image_2017_09_24_11_30_50_908951.png,800,600,G,472.421,287.525,528.411,321.001
image_2017_09_24_11_30_50_908951.png,800,600,G,477.0,519.0,536.0,547.0
image_2017_09_24_11_30_50_910126.png,800,600,G,428.18,560.345,503.016,600.975
image_2017_09_24_11_30_50_910126.png,800,600,G,429.513,713.951,506.869,756.209
image_2017_09_24_11_30_50_911508.png,800,600,G,385.625,13.88,476.198,56.1793
image_2017_09_24_11_30_50_911508.png,800,600,G,387.007,193.857,480.345,235.15
image_2017_09_24_11_30_50_911508.png,800,600,G,390.982,364.499,481.919,404.524
image_2017_09_24_11_30_50_912637.png,800,600,G,495.02,51.8469,545.2,80.4824
image_2017_09_24_11_30_50_913724.png,800,600,G,371.701,92.175,471.538,135.84
image_2017_09_24_11_30_50_913724.png,800,600,G,388.083,452.805,475.025,492.506
image_2017_09_24_11_30_50_913724.png,800,600,G,383.8,278.691,477.0,317.034
image_2017_09_24_11_30_50_914833.png,800,600,G,495.536,296.672,541.903,322.704
image_2017_09_24_11_30_50_914833.png,800,600,G,486.558,202.111,541.196,227.029
image_2017_09_24_11_30_50_914833.png,800,600,G,484.656,88.5325,536.299,128.904
image_2017_09_24_11_30_50_915993.png,800,600,G,198.906,409.179,354.659,479.286
image_2017_09_24_11_30_50_915993.png,800,600,G,213.104,699.17,374.969,772.102
image_2017_09_24_11_30_50_915993.png,800,600,G,182.33,93.6502,341.931,167.333
image_2017_09_24_11_30_50_917413.png,800,600,G,191.4,394.572,349.384,468.604
image_2017_09_24_11_30_50_917413.png,800,600,G,173.077,76.1725,342.293,151.753
image_2017_09_24_11_30_50_917413.png,800,600,G,202.478,694.619,378.284,775.453
image_2017_09_24_11_30_50_918624.png,800,600,G,200.089,409.146,355.112,479.943
image_2017_09_24_11_30_50_918624.png,800,600,G,212.636,696.422,374.294,771.155
image_2017_09_24_11_30_50_918624.png,800,600,G,181.567,93.6403,343.592,168.737
image_2017_09_24_11_30_50_920110.png,800,600,G,198.6,407.913,353.827,478.812
image_2017_09_24_11_30_50_920110.png,800,600,G,180.57,78.5919,340.59,168.791
image_2017_09_24_11_30_50_920110.png,800,600,G,209.769,703.107,376.258,776.903
image_2017_09_24_11_30_50_921242.png,800,600,G,403.884,283.7,492.776,321.545
image_2017_09_24_11_30_50_921242.png,800,600,G,405.194,118.621,486.737,157.952
image_2017_09_24_11_30_50_922336.png,800,600,G,200.362,409.079,355.061,479.981
image_2017_09_24_11_30_50_922336.png,800,600,G,212.634,696.422,374.296,771.169
image_2017_09_24_11_30_50_922336.png,800,600,G,181.552,93.7777,343.689,168.607
image_2017_09_24_11_30_50_923771.png,800,600,G,375.058,481.298,477.027,523.087
image_2017_09_24_11_30_50_923771.png,800,600,G,378.079,678.635,482.362,723.591
image_2017_09_24_11_30_50_924905.png,800,600,G,199.042,408.889,354.465,478.896
image_2017_09_24_11_30_50_924905.png,800,600,G,213.104,699.17,374.968,772.102
image_2017_09_24_11_30_50_924905.png,800,600,G,182.317,93.647,341.94,167.345
image_2017_09_24_11_30_50_926054.png,800,600,G,378.047,326.484,479.595,370.227
image_2017_09_24_11_30_50_926054.png,800,600,G,372.654,139.87,468.379,184.552
image_2017_09_24_11_30_50_926054.png,800,600,G,387.813,517.085,474.633,560.239
image_2017_09_24_11_58_53_819892.png,800,600,R,182.718,567.424,348.738,642.523
image_2017_09_24_11_58_53_819892.png,800,600,R,176.334,250.222,345.319,330.759
image_2017_09_24_11_58_53_822634.png,800,600,R,171.478,585.793,342.505,666.035
image_2017_09_24_11_58_53_822634.png,800,600,R,163.373,259.545,336.392,337.298
image_2017_09_24_11_58_53_838882.png,800,600,R,428.756,144.958,505.919,176.836
image_2017_09_24_11_58_53_838882.png,800,600,R,427.887,-0.579102,501.382,28.7861
image_2017_09_24_11_58_53_838882.png,800,600,R,431.897,283.446,502.767,317.65
image_2017_09_24_11_58_53_840482.png,800,600,R,428.406,145.177,506.07,176.717
image_2017_09_24_11_58_53_840482.png,800,600,R,427.665,-0.546269,501.602,28.8269
image_2017_09_24_11_58_53_840482.png,800,600,R,432.143,283.433,501.243,318.051
image_2017_09_24_11_58_53_841856.png,800,600,R,104.989,583.315,297.081,669.779
image_2017_09_24_11_58_53_841856.png,800,600,R,95.3782,202.42,290.588,296.93
image_2017_09_24_11_58_53_843313.png,800,600,R,216.045,472.236,363.768,546.505
image_2017_09_24_11_58_53_843313.png,800,600,R,197.817,172.989,362.591,236.581
image_2017_09_24_11_58_53_844848.png,800,600,R,134.645,459.067,325.488,541.606
image_2017_09_24_11_58_53_844848.png,800,600,R,137.941,117.503,320.67,192.027
image_2017_09_24_11_58_53_847214.png,800,600,R,27.0068,124.416,237.01,222.883
image_2017_09_24_11_58_53_848610.png,800,600,R,144.526,438.991,328.664,519.827
image_2017_09_24_11_58_53_848610.png,800,600,R,138.306,102.791,324.103,178.316
image_2017_09_24_11_58_53_849958.png,800,600,R,346.526,656.442,462.606,703.527
image_2017_09_24_11_58_53_849958.png,800,600,R,345.582,443.885,460.079,493.788
image_2017_09_24_11_58_53_851140.png,800,600,R,103.689,224.475,294.519,309.814
image_2017_09_24_11_58_53_851140.png,800,600,R,114.226,594.517,296.91,682.94
image_2017_09_24_11_58_53_852282.png,800,600,R,3.80077,181.786,220.796,285.907
image_2017_09_24_11_58_53_852282.png,800,600,R,18.1922,632.248,223.675,727.576
image_2017_09_24_11_58_53_853428.png,800,600,R,102.887,224.188,295.21,309.525
image_2017_09_24_11_58_53_853428.png,800,600,R,114.49,594.492,296.811,682.919
image_2017_09_24_11_58_53_854660.png,800,600,R,304.07,511.169,433.389,561.983
image_2017_09_24_11_58_53_854660.png,800,600,R,300.183,738.19,437.655,789.508
image_2017_09_24_11_58_53_854660.png,800,600,R,306.322,271.496,420.923,326.69
image_2017_09_24_11_58_53_856043.png,800,600,R,221.885,500.121,378.042,572.077
image_2017_09_24_11_58_53_856043.png,800,600,R,216.51,209.329,372.083,281.274
image_2017_09_24_11_58_53_857286.png,800,600,R,198.441,519.714,359.781,583.335
image_2017_09_24_11_58_53_857286.png,800,600,R,186.942,206.041,349.905,279.42
image_2017_09_24_11_58_53_858466.png,800,600,R,171.693,585.676,342.513,666.029
image_2017_09_24_11_58_53_858466.png,800,600,R,163.599,259.765,336.418,337.505
image_2017_09_24_11_58_53_859597.png,800,600,R,285.82,464.913,416.325,521.462
image_2017_09_24_11_58_53_859597.png,800,600,R,291.111,711.572,420.896,772.369
image_2017_09_24_11_58_53_860740.png,800,600,R,197.599,608.271,355.938,682.337
image_2017_09_24_11_58_53_860740.png,800,600,R,180.694,-1.2836,341.994,67.8008
image_2017_09_24_11_58_53_860740.png,800,600,R,186.573,292.37,348.293,371.997
image_2017_09_24_11_58_53_862073.png,800,600,R,121.178,582.85,311.95,656.342
image_2017_09_24_11_58_53_862073.png,800,600,R,118.272,219.644,301.609,299.316
image_2017_09_24_11_58_53_863241.png,800,600,R,308.22,279.872,436.853,330.624
image_2017_09_24_11_58_53_863241.png,800,600,R,304.416,522.354,442.167,565.216
image_2017_09_24_11_58_53_863241.png,800,600,R,316.464,743.812,450.412,798.582
image_2017_09_24_11_58_53_864380.png,800,600,R,268.861,371.902,414.463,429.147
image_2017_09_24_11_58_53_864380.png,800,600,R,264.511,109.62,402.618,166.282
image_2017_09_24_11_58_53_864380.png,800,600,R,266.884,638.8,416.757,690.101
image_2017_09_24_11_58_53_865566.png,800,600,R,44.0469,297.669,245.132,392.927
image_2017_09_24_11_58_53_865566.png,800,600,R,69.3115,707.591,266.174,789.311
image_2017_09_24_11_58_53_866814.png,800,600,R,5.14523,181.821,220.329,286.132
image_2017_09_24_11_58_53_866814.png,800,600,R,18.3736,632.168,223.54,727.752
image_2017_09_24_11_58_53_868201.png,800,600,R,34.0655,619.077,258.977,713.98
image_2017_09_24_11_58_53_868201.png,800,600,R,22.2887,190.357,243.389,290.419
image_2017_09_24_11_58_53_869446.png,800,600,R,146.863,268.968,322.556,349.483
image_2017_09_24_11_58_53_869446.png,800,600,R,156.559,610.487,326.099,690.363
image_2017_09_24_11_58_53_870639.png,800,600,R,57.856,611.12,268.546,706.28
image_2017_09_24_11_58_53_870639.png,800,600,R,49.6341,198.96,247.642,287.511
image_2017_09_24_11_58_53_871787.png,800,600,R,89.0141,256.629,280.348,344.473
image_2017_09_24_11_58_53_871787.png,800,600,R,100.165,636.961,290.984,725.445
image_2017_09_24_11_58_53_873089.png,800,600,R,269.445,115.069,405.611,171.802
image_2017_09_24_11_58_53_873089.png,800,600,R,271.334,371.312,410.161,428.138
image_2017_09_24_11_58_53_873089.png,800,600,R,280.3,627.979,420.294,687.297
image_2017_09_24_11_58_53_874285.png,800,600,R,267.82,443.611,400.736,502.697
image_2017_09_24_11_58_53_874285.png,800,600,R,263.059,189.093,392.108,253.709
image_2017_09_24_11_58_53_874285.png,800,600,R,271.301,698.791,411.02,752.869
image_2017_09_24_11_58_53_875456.png,800,600,R,95.1859,330.581,293.904,416.881
image_2017_09_24_11_58_53_875456.png,800,600,R,98.4198,703.762,293.602,779.905
image_2017_09_24_11_58_53_875456.png,800,600,R,79.5867,-3.96612,286.004,47.917
image_2017_09_24_11_58_53_876653.png,800,600,R,134.552,459.062,325.473,541.628
image_2017_09_24_11_58_53_876653.png,800,600,R,137.113,117.602,321.133,191.916
image_2017_09_24_11_58_53_877805.png,800,600,R,219.921,477.502,371.415,545.155
image_2017_09_24_11_58_53_877805.png,800,600,R,215.548,182.109,365.826,251.67
image_2017_09_24_11_58_53_878999.png,800,600,R,265.212,374.936,403.925,431.383
image_2017_09_24_11_58_53_878999.png,800,600,R,267.874,638.9,411.775,692.669
image_2017_09_24_11_58_53_878999.png,800,600,R,262.693,107.521,395.875,168.148
image_2017_09_24_11_58_53_880306.png,800,600,R,172.129,244.333,340.636,323.284
image_2017_09_24_11_58_53_880306.png,800,600,R,177.794,570.447,349.335,642.739
image_2017_09_24_11_58_53_881511.png,800,600,R,219.911,477.47,371.467,545.235
image_2017_09_24_11_58_53_881511.png,800,600,R,215.244,182.2,365.865,251.919
image_2017_09_24_11_58_53_882691.png,800,600,R,289.749,713.534,419.05,774.996
image_2017_09_24_11_58_53_882691.png,800,600,R,275.813,229.619,403.194,285.761
image_2017_09_24_11_58_53_882691.png,800,600,R,276.498,476.659,425.159,528.507
image_2017_09_24_11_58_53_883837.png,800,600,R,119.692,82.0084,302.941,157.05
image_2017_09_24_11_58_53_883837.png,800,600,R,119.174,431.951,312.598,507.324
image_2017_09_24_11_58_53_885162.png,800,600,R,104.793,416.072,298.105,498.322
image_2017_09_24_11_58_53_885162.png,800,600,R,101.948,44.103,292.529,135.659
image_2017_09_24_11_58_53_886416.png,800,600,R,53.6995,155.268,268.061,250.558
image_2017_09_24_11_58_53_886416.png,800,600,R,82.5943,555.559,274.276,638.247
image_2017_09_24_11_58_53_887588.png,800,600,R,339.634,642.792,467.648,687.917
image_2017_09_24_11_58_53_887588.png,800,600,R,341.067,425.119,457.698,478.046
image_2017_09_24_11_58_53_888753.png,800,600,R,167.794,450.03,348.987,524.982
image_2017_09_24_11_58_53_889927.png,800,600,R,81.4858,562.043,275.38,650.966
image_2017_09_24_11_58_53_889927.png,800,600,R,45.8074,160.572,253.092,249.018
image_2017_09_24_11_58_53_891305.png,800,600,R,198.449,519.699,359.861,583.193
image_2017_09_24_11_58_53_891305.png,800,600,R,186.357,206.499,349.801,279.378
image_2017_09_24_11_58_53_892640.png,800,600,R,181.659,541.661,350.2,615.563
image_2017_09_24_11_58_53_892640.png,800,600,R,178.626,221.795,342.488,298.918
image_2017_09_24_11_58_53_893909.png,800,600,R,65.3823,127.127,263.565,222.289
image_2017_09_24_11_58_53_895163.png,800,600,R,225.87,546.179,382.988,617.318
image_2017_09_24_11_58_53_895163.png,800,600,R,222.868,253.229,375.581,328.573
image_2017_09_24_11_58_53_895163.png,800,600,R,230.297,-0.789115,365.678,36.7028
image_2017_09_24_11_58_53_896739.png,800,600,R,85.2844,470.876,278.212,553.0
image_2017_09_24_11_58_53_896739.png,800,600,R,75.5356,85.4384,265.867,178.351
image_2017_09_24_11_58_53_898353.png,800,600,R,195.969,354.017,361.859,424.563
image_2017_09_24_11_58_53_898353.png,800,600,R,191.702,38.3032,348.723,120.938
image_2017_09_24_11_58_53_898353.png,800,600,R,192.387,666.651,367.113,731.427
image_2017_09_24_11_58_53_899624.png,800,600,R,263.994,361.661,389.701,418.796
image_2017_09_24_11_58_53_899624.png,800,600,R,245.471,93.7198,394.539,149.298
image_2017_09_24_11_58_53_899624.png,800,600,R,275.067,631.689,399.886,687.35
image_2017_09_24_11_58_53_900807.png,800,600,R,89.1906,256.33,280.444,344.703
image_2017_09_24_11_58_53_900807.png,800,600,R,100.178,637.024,290.971,725.463
image_2017_09_24_11_58_53_902030.png,800,600,R,293.417,718.05,421.712,772.706
image_2017_09_24_11_58_53_903493.png,800,600,R,146.324,736.8,338.547,798.339
image_2017_09_24_11_58_53_903493.png,800,600,R,150.575,409.585,331.514,485.984
image_2017_09_24_11_58_53_903493.png,800,600,R,147.58,75.0376,324.842,151.771
image_2017_09_24_11_58_53_904805.png,800,600,R,86.2222,471.04,276.9,553.271
image_2017_09_24_11_58_53_904805.png,800,600,R,74.712,85.8522,267.216,178.067
image_2017_09_24_11_58_53_905960.png,800,600,R,154.532,300.888,327.985,383.104
image_2017_09_24_11_58_53_905960.png,800,600,R,166.663,640.381,330.671,719.649
image_2017_09_24_11_58_53_907343.png,800,600,R,97.0785,311.378,295.667,394.341
image_2017_09_24_11_58_53_907343.png,800,600,R,118.361,679.764,298.68,759.141
image_2017_09_24_11_58_53_911537.png,800,600,R,155.801,294.181,328.563,369.527
image_2017_09_24_11_58_53_911537.png,800,600,R,158.791,628.726,338.518,701.023
image_2017_09_24_11_58_53_911537.png,800,600,R,148.733,-0.592847,329.3,30.2381
image_2017_09_24_11_58_53_912723.png,800,600,R,270.307,272.745,411.404,324.647
image_2017_09_24_11_58_53_912723.png,800,600,R,278.069,525.106,421.956,582.048
image_2017_09_24_11_58_53_912723.png,800,600,R,294.089,771.044,424.362,801.856
image_2017_09_24_11_58_53_913907.png,800,600,R,190.83,537.509,361.643,604.695
image_2017_09_24_11_58_53_913907.png,800,600,R,184.226,221.165,344.869,300.715
image_2017_09_24_11_58_53_915045.png,800,600,R,89.9383,303.448,298.512,388.966
image_2017_09_24_11_58_53_915045.png,800,600,R,105.937,671.875,298.626,746.608
image_2017_09_24_11_58_53_918012.png,800,600,R,133.803,457.993,324.252,542.709
image_2017_09_24_11_58_53_918012.png,800,600,R,135.751,118.277,321.044,194.852
image_2017_09_24_11_58_53_919375.png,800,600,R,155.851,294.407,328.94,369.378
image_2017_09_24_11_58_53_919375.png,800,600,R,158.71,628.522,338.386,701.157
image_2017_09_24_11_58_53_919375.png,800,600,R,148.38,-0.407159,329.413,30.4811
image_2017_09_24_11_58_53_920633.png,800,600,R,104.162,244.423,295.251,333.183
image_2017_09_24_11_58_53_920633.png,800,600,R,108.0,611.735,294.865,688.172
image_2017_09_24_11_58_53_921855.png,800,600,R,41.0868,237.279,255.735,332.149
image_2017_09_24_11_58_53_921855.png,800,600,R,70.793,643.637,267.214,725.452
image_2017_09_24_11_58_53_922968.png,800,600,R,101.273,312.688,295.965,393.712
image_2017_09_24_11_58_53_922968.png,800,600,R,120.252,674.816,306.148,748.403
image_2017_09_24_11_58_53_924154.png,800,600,R,293.875,370.466,417.928,429.754
image_2017_09_24_11_58_53_924154.png,800,600,R,295.161,620.321,420.114,678.482
image_2017_09_24_11_58_53_924154.png,800,600,R,280.408,126.512,419.106,181.681
image_2017_09_24_11_58_53_926979.png,800,600,R,78.1703,594.938,272.79,684.127
image_2017_09_24_11_58_53_926979.png,800,600,R,76.5582,202.161,270.394,299.05
image_2017_09_24_11_58_53_928277.png,800,600,R,344.158,447.519,463.526,492.962
image_2017_09_24_11_58_53_928277.png,800,600,R,358.555,657.158,470.335,704.957
image_2017_09_24_11_58_53_933326.png,800,600,R,225.895,546.148,383.04,617.309
image_2017_09_24_11_58_53_933326.png,800,600,R,230.037,-0.832246,365.788,36.7027
image_2017_09_24_11_58_53_933326.png,800,600,R,222.826,253.349,375.493,328.532
image_2017_09_24_11_58_53_934549.png,800,600,R,144.241,439.411,328.81,519.856
image_2017_09_24_11_58_53_934549.png,800,600,R,138.591,103.066,323.638,178.539
image_2017_09_24_11_58_53_935713.png,800,600,R,154.365,300.968,328.09,383.151
image_2017_09_24_11_58_53_935713.png,800,600,R,166.271,640.232,330.552,719.33
image_2017_09_24_11_58_53_936927.png,800,600,R,209.977,477.409,366.929,547.005
image_2017_09_24_11_58_53_936927.png,800,600,R,194.154,169.571,361.153,240.977
image_2017_09_24_11_58_53_938076.png,800,600,R,81.9165,475.209,283.403,557.967
image_2017_09_24_11_58_53_938076.png,800,600,R,85.8897,97.4765,278.12,184.005
image_2017_09_24_11_58_53_939553.png,800,600,R,263.218,361.429,388.991,418.748
image_2017_09_24_11_58_53_939553.png,800,600,R,245.488,93.6299,394.435,149.336
image_2017_09_24_11_58_53_939553.png,800,600,R,274.985,631.491,399.287,687.743
image_2017_09_24_11_58_53_940787.png,800,600,R,216.064,472.227,364.02,546.793
image_2017_09_24_11_58_53_940787.png,800,600,R,197.782,173.056,362.606,236.621
image_2017_09_24_11_58_53_942052.png,800,600,R,55.8153,157.393,266.439,251.899
image_2017_09_24_11_58_53_942052.png,800,600,R,84.2762,553.781,275.573,635.739
image_2017_09_24_11_58_53_943251.png,800,600,R,45.6771,177.758,255.368,272.383
image_2017_09_24_11_58_53_943251.png,800,600,R,70.8545,579.08,279.837,669.388
image_2017_09_24_11_58_53_944732.png,800,600,R,328.955,602.382,451.06,651.543
image_2017_09_24_11_58_53_944732.png,800,600,R,332.095,371.679,445.302,420.273
image_2017_09_24_11_58_53_945991.png,800,600,R,263.025,361.392,388.858,418.403
image_2017_09_24_11_58_53_945991.png,800,600,R,245.441,93.6257,394.459,149.316
image_2017_09_24_11_58_53_945991.png,800,600,R,275.434,631.708,399.322,687.543
image_2017_09_24_11_58_53_947209.png,800,600,R,271.844,447.963,404.473,505.153
image_2017_09_24_11_58_53_947209.png,800,600,R,264.736,194.702,396.447,258.33
image_2017_09_24_11_58_53_947209.png,800,600,R,273.681,696.547,410.735,751.722
image_2017_09_24_11_58_53_948362.png,800,600,R,50.9791,654.538,270.794,745.568
image_2017_09_24_11_58_53_948362.png,800,600,R,51.1529,248.259,268.636,335.355
image_2017_09_24_11_58_53_949561.png,800,600,R,267.899,464.502,415.407,517.771
image_2017_09_24_11_58_53_949561.png,800,600,R,268.032,219.879,399.238,268.757
image_2017_09_24_11_58_53_949561.png,800,600,R,281.619,698.225,420.872,759.647
image_2017_09_24_11_58_53_951037.png,800,600,R,330.347,571.126,448.874,620.344
image_2017_09_24_11_58_53_951037.png,800,600,R,325.481,347.444,442.409,397.754
image_2017_09_24_11_58_53_952290.png,800,600,R,233.963,101.345,383.174,169.946
image_2017_09_24_11_58_53_952290.png,800,600,R,234.904,395.143,382.926,454.45
image_2017_09_24_11_58_53_952290.png,800,600,R,247.761,667.523,391.38,744.884
image_2017_09_24_11_58_53_953474.png,800,600,R,339.56,614.714,460.818,660.505
image_2017_09_24_11_58_53_953474.png,800,600,R,341.714,399.022,448.861,450.915
image_2017_09_24_11_58_53_954613.png,800,600,R,181.66,541.66,350.199,615.563
image_2017_09_24_11_58_53_954613.png,800,600,R,178.627,221.796,342.486,298.913
image_2017_09_24_11_58_53_958751.png,800,600,R,65.8938,244.846,269.977,328.46
image_2017_09_24_11_58_53_958751.png,800,600,R,66.1325,633.708,268.258,725.587
image_2017_09_24_11_58_53_960222.png,800,600,R,401.703,453.453,494.253,484.484
image_2017_09_24_11_58_53_960222.png,800,600,R,400.47,286.607,491.714,323.279
image_2017_09_24_11_58_53_960222.png,800,600,R,404.491,119.895,487.58,161.957
image_2017_09_24_12_00_29_741330.png,800,600,Y,465.369,644.546,526.958,679.639
image_2017_09_24_12_00_29_741330.png,800,600,Y,460.699,514.803,524.164,553.162
image_2017_09_24_12_00_29_741330.png,800,600,Y,465.941,770.207,529.715,801.755
image_2017_09_24_12_00_29_744206.png,800,600,Y,287.67,619.425,426.515,676.342
image_2017_09_24_12_00_29_744206.png,800,600,Y,284.683,127.164,418.4,180.275
image_2017_09_24_12_00_29_744206.png,800,600,Y,289.89,372.018,422.701,430.242
image_2017_09_24_12_00_29_745258.png,800,600,Y,286.532,621.75,427.426,677.253
image_2017_09_24_12_00_29_745258.png,800,600,Y,289.355,371.749,421.34,429.932
image_2017_09_24_12_00_29_745258.png,800,600,Y,282.693,128.34,419.005,179.466
image_2017_09_24_12_00_29_746236.png,800,600,Y,441.394,442.531,515.37,474.511
image_2017_09_24_12_00_29_746236.png,800,600,Y,442.246,305.479,512.167,345.798
image_2017_09_24_12_00_29_746236.png,800,600,Y,443.692,578.463,518.144,613.287
image_2017_09_24_12_00_29_747207.png,800,600,Y,326.782,177.036,457.316,221.254
image_2017_09_24_12_00_29_747207.png,800,600,Y,344.438,390.804,455.182,433.072
image_2017_09_24_12_00_29_747207.png,800,600,Y,348.811,600.726,456.064,643.293
image_2017_09_24_12_00_29_749412.png,800,600,Y,286.922,9.52788,419.567,61.8852
image_2017_09_24_12_00_29_749412.png,800,600,Y,298.853,249.17,422.658,301.74
image_2017_09_24_12_00_29_749412.png,800,600,Y,308.884,484.904,418.366,536.737
image_2017_09_24_12_00_29_751052.png,800,600,Y,280.073,147.397,404.479,197.865
image_2017_09_24_12_00_29_751052.png,800,600,Y,293.858,393.627,394.788,439.661
image_2017_09_24_12_00_29_752324.png,800,600,Y,289.459,620.148,426.156,676.683
image_2017_09_24_12_00_29_752324.png,800,600,Y,291.21,370.989,422.561,429.526
image_2017_09_24_12_00_29_752324.png,800,600,Y,286.994,126.834,416.783,180.01
image_2017_09_24_12_00_29_753408.png,800,600,Y,285.151,622.142,428.312,677.334
image_2017_09_24_12_00_29_753408.png,800,600,Y,289.263,371.66,421.707,429.865
image_2017_09_24_12_00_29_753408.png,800,600,Y,281.926,128.36,419.568,179.726
image_2017_09_24_12_00_29_754430.png,800,600,Y,286.605,620.45,425.984,676.833
image_2017_09_24_12_00_29_754430.png,800,600,Y,288.307,372.328,423.876,430.851
image_2017_09_24_12_00_29_754430.png,800,600,Y,287.254,130.689,415.182,180.164
image_2017_09_24_12_00_29_755691.png,800,600,Y,293.311,619.913,425.53,676.532
image_2017_09_24_12_00_29_755691.png,800,600,Y,292.634,369.96,421.524,429.843
image_2017_09_24_12_00_29_755691.png,800,600,Y,284.574,129.477,418.687,180.868
image_2017_09_24_12_00_29_756799.png,800,600,Y,285.152,622.143,428.311,677.334
image_2017_09_24_12_00_29_756799.png,800,600,Y,289.09,371.623,421.937,429.893
image_2017_09_24_12_00_29_756799.png,800,600,Y,281.948,128.305,419.536,179.696
image_2017_09_24_12_00_29_757896.png,800,600,Y,280.622,147.469,403.604,197.771
image_2017_09_24_12_00_29_757896.png,800,600,Y,293.855,393.549,394.811,439.34
image_2017_09_24_12_00_29_759060.png,800,600,Y,287.124,9.50828,419.538,61.8092
image_2017_09_24_12_00_29_759060.png,800,600,Y,298.905,249.21,422.999,302.171
image_2017_09_24_12_00_29_759060.png,800,600,Y,309.152,484.894,418.327,536.797
image_2017_09_24_12_00_29_760376.png,800,600,Y,465.436,453.056,532.599,483.328
image_2017_09_24_12_00_29_760376.png,800,600,Y,465.958,328.859,528.334,360.628
image_2017_09_24_12_00_29_760376.png,800,600,Y,470.765,567.889,531.04,604.06
image_2017_09_24_12_00_29_761727.png,800,600,Y,283.319,191.928,425.607,244.194
image_2017_09_24_12_00_29_761727.png,800,600,Y,301.404,432.747,419.678,481.283
image_2017_09_24_12_00_29_762900.png,800,600,Y,433.426,554.571,505.054,592.035
image_2017_09_24_12_00_29_762900.png,800,600,Y,427.735,252.853,503.004,290.763
image_2017_09_24_12_00_29_762900.png,800,600,Y,426.574,408.028,502.612,440.735
image_2017_09_24_12_00_29_764020.png,800,600,Y,451.56,503.871,521.759,538.352
image_2017_09_24_12_00_29_764020.png,800,600,Y,444.542,371.177,518.139,403.256
image_2017_09_24_12_00_29_764020.png,800,600,Y,458.915,640.66,522.358,678.978
image_2017_09_24_12_00_29_765466.png,800,600,Y,465.397,625.299,530.329,654.743
image_2017_09_24_12_00_29_765466.png,800,600,Y,462.719,496.0,528.607,528.672
image_2017_09_24_12_00_29_765466.png,800,600,Y,468.336,752.667,530.289,788.206
image_2017_09_24_12_00_29_766824.png,800,600,Y,285.152,622.143,428.311,677.334
image_2017_09_24_12_00_29_766824.png,800,600,Y,289.09,371.623,421.937,429.893
image_2017_09_24_12_00_29_766824.png,800,600,Y,281.948,128.305,419.536,179.696
image_2017_09_24_12_00_29_768194.png,800,600,Y,401.934,314.974,494.397,347.387
image_2017_09_24_12_00_29_768194.png,800,600,Y,404.868,478.583,495.282,512.912
image_2017_09_24_12_00_29_768194.png,800,600,Y,403.01,144.336,487.701,183.924
image_2017_09_24_12_00_29_769295.png,800,600,Y,293.066,620.485,424.824,677.294
image_2017_09_24_12_00_29_769295.png,800,600,Y,293.122,371.761,418.463,430.496
image_2017_09_24_12_00_29_769295.png,800,600,Y,288.593,129.04,414.856,179.434
image_2017_09_24_12_00_29_770340.png,800,600,Y,325.587,136.983,446.621,182.524
image_2017_09_24_12_00_29_770340.png,800,600,Y,343.782,352.985,452.34,398.7
image_2017_09_24_12_00_29_770340.png,800,600,Y,350.58,572.527,451.364,615.442
image_2017_09_24_12_00_29_771437.png,800,600,Y,293.869,619.699,425.014,677.444
image_2017_09_24_12_00_29_771437.png,800,600,Y,287.897,371.168,423.09,429.872
image_2017_09_24_12_00_29_771437.png,800,600,Y,283.353,126.522,417.658,179.694
image_2017_09_24_12_00_29_772489.png,800,600,Y,291.99,619.958,426.051,678.566
image_2017_09_24_12_00_29_772489.png,800,600,Y,288.276,373.142,423.826,431.094
image_2017_09_24_12_00_29_772489.png,800,600,Y,289.38,126.439,413.768,180.521
image_2017_09_24_12_00_29_773797.png,800,600,Y,282.806,191.793,426.036,244.151
image_2017_09_24_12_00_29_773797.png,800,600,Y,301.72,432.692,418.758,481.049
image_2017_09_24_12_00_29_774913.png,800,600,Y,309.042,451.106,425.708,498.138
image_2017_09_24_12_00_29_774913.png,800,600,Y,287.225,218.28,427.851,266.813
image_2017_09_24_12_00_29_774913.png,800,600,Y,282.0,0.596188,427.665,32.0563
image_2017_09_24_12_00_29_776344.png,800,600,Y,285.152,622.143,428.311,677.334
image_2017_09_24_12_00_29_776344.png,800,600,Y,289.09,371.623,421.937,429.893
image_2017_09_24_12_00_29_776344.png,800,600,Y,281.948,128.305,419.536,179.696
image_2017_09_24_12_00_29_777444.png,800,600,Y,431.266,428.376,507.774,463.622
image_2017_09_24_12_00_29_777444.png,800,600,Y,432.425,281.43,503.063,317.462
image_2017_09_24_12_00_29_777444.png,800,600,Y,437.369,567.845,504.766,604.278
image_2017_09_24_12_00_29_778796.png,800,600,Y,286.866,622.132,427.465,677.369
image_2017_09_24_12_00_29_778796.png,800,600,Y,289.407,371.721,421.624,429.834
image_2017_09_24_12_00_29_778796.png,800,600,Y,284.924,128.35,417.413,179.133
image_2017_09_24_12_00_29_779875.png,800,600,Y,292.556,620.19,425.947,677.621
image_2017_09_24_12_00_29_779875.png,800,600,Y,292.376,371.53,420.475,430.983
image_2017_09_24_12_00_29_779875.png,800,600,Y,289.402,130.107,413.906,179.868
image_2017_09_24_12_00_29_780929.png,800,600,Y,293.953,370.33,419.398,429.291
image_2017_09_24_12_00_29_780929.png,800,600,Y,295.322,619.81,424.638,676.055
image_2017_09_24_12_00_29_780929.png,800,600,Y,286.593,128.652,417.188,180.472
image_2017_09_24_12_00_29_782292.png,800,600,Y,317.511,320.438,428.797,369.266
image_2017_09_24_12_00_29_782292.png,800,600,Y,300.214,99.0762,429.267,146.95
image_2017_09_24_12_00_29_782292.png,800,600,Y,322.656,547.328,427.742,592.35
image_2017_09_24_12_00_29_783822.png,800,600,Y,454.301,436.965,519.723,473.028
image_2017_09_24_12_00_29_783822.png,800,600,Y,458.681,569.333,522.086,601.912
image_2017_09_24_12_00_29_783822.png,800,600,Y,462.583,702.131,523.62,737.363
image_2017_09_24_12_00_29_785100.png,800,600,Y,327.061,176.417,457.861,220.946
image_2017_09_24_12_00_29_785100.png,800,600,Y,344.586,390.756,455.401,433.162
image_2017_09_24_12_00_29_785100.png,800,600,Y,348.71,601.218,455.787,643.249
image_2017_09_24_12_00_29_786234.png,800,600,Y,288.343,371.496,421.405,429.886
image_2017_09_24_12_00_29_786234.png,800,600,Y,293.097,621.181,425.438,677.718
image_2017_09_24_12_00_29_786234.png,800,600,Y,288.122,127.952,414.19,180.18
image_2017_09_24_12_00_29_787334.png,800,600,Y,291.902,371.433,420.699,430.855
image_2017_09_24_12_00_29_787334.png,800,600,Y,290.988,620.468,426.794,677.274
image_2017_09_24_12_00_29_787334.png,800,600,Y,288.565,129.981,414.296,179.655
image_2017_09_24_12_00_29_788451.png,800,600,Y,317.227,320.525,428.913,369.109
image_2017_09_24_12_00_29_788451.png,800,600,Y,300.758,99.0803,429.061,147.038
image_2017_09_24_12_00_29_788451.png,800,600,Y,321.698,548.01,428.665,591.628
image_2017_09_24_12_00_29_789539.png,800,600,Y,286.65,621.961,427.003,677.232
image_2017_09_24_12_00_29_789539.png,800,600,Y,289.559,371.574,421.446,429.986
image_2017_09_24_12_00_29_789539.png,800,600,Y,284.363,128.614,417.75,179.132
image_2017_09_24_12_00_29_790962.png,800,600,Y,460.027,513.12,520.003,553.817
image_2017_09_24_12_00_29_790962.png,800,600,Y,460.654,647.415,522.434,679.405
image_2017_09_24_12_00_29_790962.png,800,600,Y,465.597,770.263,534.163,802.712
image_2017_09_24_12_00_29_792217.png,800,600,Y,292.987,371.485,420.016,430.696
image_2017_09_24_12_00_29_792217.png,800,600,Y,294.648,621.05,424.329,677.078
image_2017_09_24_12_00_29_792217.png,800,600,Y,290.155,129.354,413.137,180.236
image_2017_09_24_12_00_29_793407.png,800,600,Y,400.144,323.455,491.835,357.894
image_2017_09_24_12_00_29_793407.png,800,600,Y,400.939,155.294,490.899,191.786
image_2017_09_24_12_00_29_793407.png,800,600,Y,411.215,484.232,497.331,519.83
image_2017_09_24_12_00_29_794497.png,800,600,Y,417.728,394.921,496.465,429.783
image_2017_09_24_12_00_29_794497.png,800,600,Y,426.696,542.873,500.113,575.403
image_2017_09_24_12_00_29_794497.png,800,600,Y,413.29,239.629,493.744,274.87
image_2017_09_24_12_00_29_795628.png,800,600,Y,415.388,527.964,502.171,560.608
image_2017_09_24_12_00_29_795628.png,800,600,Y,414.533,366.674,498.182,401.231
image_2017_09_24_12_00_29_795628.png,800,600,Y,403.212,206.603,492.475,241.635
image_2017_09_24_12_00_29_796898.png,800,600,Y,291.855,620.355,425.453,677.755
image_2017_09_24_12_00_29_796898.png,800,600,Y,293.837,371.888,419.179,430.714
image_2017_09_24_12_00_29_796898.png,800,600,Y,290.247,129.821,413.579,179.85
image_2017_09_24_12_00_29_798337.png,800,600,Y,442.344,581.727,518.421,614.386
image_2017_09_24_12_00_29_798337.png,800,600,Y,438.154,314.184,515.939,349.27
image_2017_09_24_12_00_29_798337.png,800,600,Y,443.789,451.448,517.018,481.795
image_2017_09_24_12_00_29_799977.png,800,600,Y,285.152,622.143,428.311,677.334
image_2017_09_24_12_00_29_799977.png,800,600,Y,289.09,371.623,421.937,429.893
image_2017_09_24_12_00_29_799977.png,800,600,Y,281.948,128.305,419.536,179.696
image_2017_09_24_12_00_29_801693.png,800,600,Y,288.681,620.68,428.368,677.692
image_2017_09_24_12_00_29_801693.png,800,600,Y,280.697,126.921,420.237,180.28
image_2017_09_24_12_00_29_801693.png,800,600,Y,287.581,372.473,422.873,428.647
image_2017_09_24_12_00_29_802881.png,800,600,Y,290.74,620.769,426.989,677.28
image_2017_09_24_12_00_29_802881.png,800,600,Y,292.535,371.823,419.756,431.138
image_2017_09_24_12_00_29_802881.png,800,600,Y,288.376,129.906,414.493,179.655
image_2017_09_24_12_00_29_804111.png,800,600,Y,351.61,396.758,455.429,439.127
image_2017_09_24_12_00_29_804111.png,800,600,Y,344.147,183.56,453.273,226.989
image_2017_09_24_12_00_29_804111.png,800,600,Y,349.712,604.152,452.892,646.481
image_2017_09_24_12_00_29_807230.png,800,600,Y,467.493,538.086,530.746,569.956
image_2017_09_24_12_00_29_807230.png,800,600,Y,465.545,412.56,528.225,443.89
image_2017_09_24_12_00_29_807230.png,800,600,Y,467.491,661.349,526.863,701.765
image_2017_09_24_12_00_29_808452.png,800,600,Y,305.641,278.178,424.541,327.055
image_2017_09_24_12_00_29_808452.png,800,600,Y,310.662,509.545,423.324,556.085
image_2017_09_24_12_00_29_808452.png,800,600,Y,286.048,47.7617,420.246,99.4712
image_2017_09_24_12_00_29_810898.png,800,600,Y,438.782,436.558,515.249,469.949
image_2017_09_24_12_00_29_810898.png,800,600,Y,443.909,568.877,512.598,602.678
image_2017_09_24_12_00_29_810898.png,800,600,Y,435.666,288.775,505.951,323.655
image_2017_09_24_12_00_29_814327.png,800,600,Y,292.822,253.107,422.906,305.28
image_2017_09_24_12_00_29_814327.png,800,600,Y,311.368,488.357,413.29,532.224
image_2017_09_24_12_00_29_814327.png,800,600,Y,287.878,19.7821,415.453,72.8884
image_2017_09_24_12_00_29_815574.png,800,600,Y,337.781,544.515,451.38,588.501
image_2017_09_24_12_00_29_815574.png,800,600,Y,336.406,326.035,448.571,368.914
image_2017_09_24_12_00_29_815574.png,800,600,Y,321.672,105.83,445.224,155.859
image_2017_09_24_12_00_29_816647.png,800,600,Y,285.152,622.143,428.311,677.334
image_2017_09_24_12_00_29_816647.png,800,600,Y,289.09,371.623,421.937,429.893
image_2017_09_24_12_00_29_816647.png,800,600,Y,281.948,128.305,419.536,179.696
image_2017_09_24_12_00_29_817659.png,800,600,Y,313.514,507.648,428.05,555.622
image_2017_09_24_12_00_29_817659.png,800,600,Y,284.98,48.4772,424.726,98.8712
image_2017_09_24_12_00_29_817659.png,800,600,Y,305.068,278.529,425.686,327.815
image_2017_09_24_12_00_29_818817.png,800,600,Y,286.419,620.351,427.573,675.735
image_2017_09_24_12_00_29_818817.png,800,600,Y,278.636,127.436,422.48,180.302
image_2017_09_24_12_00_29_818817.png,800,600,Y,288.367,371.835,421.473,429.269
image_2017_09_24_12_00_29_820785.png,800,600,Y,289.702,620.704,425.377,678.574
image_2017_09_24_12_00_29_820785.png,800,600,Y,292.057,372.203,420.625,430.707
image_2017_09_24_12_00_29_820785.png,800,600,Y,287.888,131.533,415.0,180.592
image_2017_09_24_12_00_29_821920.png,800,600,Y,283.503,432.448,424.233,482.238
image_2017_09_24_12_00_29_821920.png,800,600,Y,282.271,191.584,421.48,241.897
image_2017_09_24_12_00_29_822931.png,800,600,Y,427.553,401.206,502.774,434.284
image_2017_09_24_12_00_29_822931.png,800,600,Y,429.425,546.192,507.497,578.007
image_2017_09_24_12_00_29_822931.png,800,600,Y,423.081,243.761,500.471,278.787
image_2017_09_24_12_00_29_824139.png,800,600,Y,325.673,137.02,446.497,182.592
image_2017_09_24_12_00_29_824139.png,800,600,Y,343.273,353.311,452.58,398.941
image_2017_09_24_12_00_29_824139.png,800,600,Y,349.679,572.535,450.996,615.575
image_2017_09_24_12_00_29_825728.png,800,600,Y,286.65,621.961,427.003,677.231
image_2017_09_24_12_00_29_825728.png,800,600,Y,289.546,371.499,421.41,429.991
image_2017_09_24_12_00_29_825728.png,800,600,Y,284.386,128.669,417.75,179.151
image_2017_09_24_12_00_29_826851.png,800,600,Y,429.143,413.021,507.683,446.551
image_2017_09_24_12_00_29_826851.png,800,600,Y,429.303,271.412,499.744,308.105
image_2017_09_24_12_00_29_826851.png,800,600,Y,433.692,562.524,506.095,598.413
image_2017_09_24_12_00_29_827987.png,800,600,Y,285.152,622.143,428.311,677.334
image_2017_09_24_12_00_29_827987.png,800,600,Y,289.09,371.623,421.937,429.893
image_2017_09_24_12_00_29_827987.png,800,600,Y,281.948,128.305,419.536,179.696
image_2017_09_24_12_00_29_829200.png,800,600,Y,286.839,622.298,426.971,677.285
image_2017_09_24_12_00_29_829200.png,800,600,Y,289.917,371.614,421.459,430.122
image_2017_09_24_12_00_29_829200.png,800,600,Y,284.693,128.59,417.513,179.138
image_2017_09_24_12_00_29_830279.png,800,600,Y,434.595,282.259,507.502,319.347
image_2017_09_24_12_00_29_830279.png,800,600,Y,440.04,570.641,514.694,600.61
image_2017_09_24_12_00_29_830279.png,800,600,Y,436.023,427.568,506.647,466.049
image_2017_09_24_12_00_29_831512.png,800,600,Y,420.536,395.265,498.613,429.998
image_2017_09_24_12_00_29_831512.png,800,600,Y,423.649,546.296,501.646,576.208
image_2017_09_24_12_00_29_831512.png,800,600,Y,409.15,241.233,495.768,275.856
image_2017_09_24_12_00_29_832699.png,800,600,Y,292.201,620.016,427.866,675.755
image_2017_09_24_12_00_29_832699.png,800,600,Y,294.567,369.755,419.442,430.004
image_2017_09_24_12_00_29_832699.png,800,600,Y,286.739,127.984,416.237,179.975
image_2017_09_24_12_00_29_833833.png,800,600,Y,285.999,621.794,427.951,677.311
image_2017_09_24_12_00_29_833833.png,800,600,Y,289.415,371.649,421.42,429.899
image_2017_09_24_12_00_29_833833.png,800,600,Y,284.539,128.459,417.707,179.308
image_2017_09_24_12_00_29_834890.png,800,600,Y,293.55,96.5207,422.668,146.236
image_2017_09_24_12_00_29_834890.png,800,600,Y,311.957,322.109,425.225,369.081
image_2017_09_24_12_00_29_834890.png,800,600,Y,320.225,548.818,425.303,596.182
